{
  "Articles": [
    {
      "id": 1,
       "author":"Tasha",
       "category":"Fitness",
       "image":"https://d18zdz9g6n5za7.cloudfront.net/blog/640/640-1316-the-role-of-exercise-in-addiction-treatment-a022.jpg",
       "title":" The Role of Exercise in <br> Addiction Treatment <br> How Fitness Can Help With <br>  Recovery<br>",
       "readtime":"Read Time ● 8 Min",
        "seen":10,
        "likes":5,
        "comment":2,
        "free":true
    },
    {
      "id": 2,
       "author":"Kayla",
       "category":"Nutrition",
       "image":"https://d18zdz9g6n5za7.cloudfront.net/blog/640/640-1314-how-to-promote-a-positive-body-image-in-your-children-b97e.jpg",
       "title":"How to Promote a Positive<br>Body Image in Your Child(ren)<br> Practical Tips, Support and Good<br>Behaviors to Model",
       "readtime":"Read Time ● 7 Min",
        "seen":21,
        "likes":2,
        "comment":3,
        "free":true
    },
    {
      "id": 3,
       "author":"Amanda",
       "category":"Expert",
       "image":"https://d18zdz9g6n5za7.cloudfront.net/blog/640/640-1315-how-personality-traits-shape-exercise-behaviors-b45e.jpg",
       "title":" How Personality Traits Shape Exercise Behaviors 5 Factors That Impact Your Fitness and Health Habits",
       "readtime":"Read Time ● 10 Min",
        "seen":55,
        "likes":1,
        "comment":5,
        "free":true
    },
    {
      "id": 4,
       "author":"Tasha",
       "category":"Mental Health",
       "image":"https://d18zdz9g6n5za7.cloudfront.net/blog/640/640-1313-when-rest-is-more-important-than-working-out-9898.jpg",
       "title":" When Rest is More Important <br> Than Working Out Tips <br> for Managing Rest <br>  Days",
       "readtime":"Read Time ● 10 Min",
        "seen":64,
        "likes":5,
        "comment":7,
        "free":true
    },
    {
      "id": 5,
       "author":"Candice",
       "category":"Health",
       "image":"https://d18zdz9g6n5za7.cloudfront.net/blog/640/640-1246-what-is-body-dysmorphia-954c.jpg",
       "title":"What is Body Dysmorphia?<br>Learn About Extreme Body Image Concers and<br> Tratment",
       "readtime":"Read Time ● 8 Min",
        "seen":24,
        "likes":1,
        "comment":3,
        "free":true
    },
    {
      "id": 6,
       "author":"Kayla",
       "category":"Mental Health",
       "image":"https://d18zdz9g6n5za7.cloudfront.net/blog/640/640-1264-how-to-cope-with-the-never-ending-news-cycle-82f4.jpg",
       "title":"How to Cope With The Never-<br>Ending News Cycle<br> Tips For Managing Your News<br> Consumption and Related Emotions",
       "readtime":"Read Time ● 11 Min",
        "seen":22,
        "likes":5,
        "comment":1,
        "free":true
    },
    {
      "id": 7,
       "author":"Tasha",
       "category":"Nutrition",
       "image":"https://d18zdz9g6n5za7.cloudfront.net/blog/640/640-1255-how-self-awareness-impacts-your-fitness-goals-9dd0.jpg",
       "title":"How Self-Awareness Impacts<br> Personal Goals<br> Improve Your Health and<br> Wellness with Metacognition",
       "readtime":"Read Time ● 7 Min",
        "seen":26,
        "likes":3,
        "comment":7,
        "free":true
    },
    {
      "id": 8,
       "author":"Candice",
       "category":"Mental Health",
       "image":"https://d18zdz9g6n5za7.cloudfront.net/blog/640/640-1259-how-to-form-healthy-habits-abe0.jpg",
       "title":"How to Form Healthy Habits<br> Reach Your Wellness<br>  Goals With These<br>  Practical Tips",
       "readtime":"Read Time ● 10 Min",
        "seen":46,
        "likes":2,
        "comment":2,
        "free":true
    },
    {
      "id": 9,
       "author":"Amanda",
       "category":"Mental Health",
       "image":"https://d18zdz9g6n5za7.cloudfront.net/blog/640/640-1263-how-to-practice-positive-self-talk-8939.jpg",
       "title":"How to Practice Positive<br> Self-Talk<br> How Your Inner Dialogue Affects<br> Your Mental Health and Goals",
       "readtime":"Read Time ● 7 Min",
        "seen":32,
        "likes":6,
        "comment":3,
        "free":true
    },
    {
      "id": 10,
       "author":"Tasha",
       "category":"Health",
       "image":"https://d18zdz9g6n5za7.cloudfront.net/blog/640/640-1265-how-too-much-positivity-can-backfire-9322.jpg",
       "title":"How Too Much Positivity Can<br> Backfire<br> Recognize the Negative Effects<br> of Excessive Positivity",
       "readtime":"Read Time ● 9 Min",
        "seen":35,
        "likes":2,
        "comment":5,
        "free":false
    },
    {
      "id": 11,
       "author":"Kayla",
       "category":"Nutrition",
       "image":"https://d18zdz9g6n5za7.cloudfront.net/blog/640/640-1258-how-habits-affect-our-health-bfc4.jpg",
       "title":"How Habits Affect Our Health<br> Why Habits Form and How They<br> Can Benefit Our Exercise<br> Journeys",
       "readtime":"Read Time ● 6 Min",
        "seen":46,
        "likes":8,
        "comment":2,
        "free":true
    },
    {
      "id": 12,
       "author":"Candice",
       "category":"Expert",
       "image":"https://d18zdz9g6n5za7.cloudfront.net/blog/640/640-1262-tips-for-managing-exercise-induced-anxiety-8279.jpg",
       "title":"Tips for Managing Exercise-<br> Induced Anxiety<br> Reduce the Risk of Panic Attacks<br> While Working Out",
       "readtime":"Read Time ● 7 Min",
        "seen":18,
        "likes":5,
        "comment":0,
        "free":true
    },
    {
      "id": 13,
       "author":"Kayla",
       "category":"Mental Health",
       "image":"https://d18zdz9g6n5za7.cloudfront.net/blog/640/640-1032-how-to-cope-with-mental-and-physical-pregnancy-challenges-9dda.jpg",
       "title":"How to Cope With Mental and Physical Pregnancy Challenges Tips for Navigating Infertility Pregnancy Loss, Anxiety, and Postpartum",
       "readtime":"Read Time ● 9 Min",
        "seen":96,
        "likes":1,
        "comment":0,
        "free":true
    },
    {
      "id": 14,
       "author":"Amanda",
       "category":"Mental Health",
       "image":"https://d18zdz9g6n5za7.cloudfront.net/blog/640/640-1261-panic-disorder-and-exercise-8284.jpg",
       "title":"Panic Disorder<br> and Exercise<br> Why Exercise-Induced <br> Anxiety Happens",
       "readtime":"Read Time ● 8 Min",
        "seen":32,
        "likes":1,
        "comment":4,
        "free":true
    },
    {
      "id": 15,
       "author":"Tasha",
       "category":"Expert",
       "image":"https://d18zdz9g6n5za7.cloudfront.net/blog/640/640-1257-time-management-tips-a2f5.jpg",
       "title":"Time Management Tips<br>  Practical Strategies<br>  From Fitness Blender<br>  Trainers",
       "readtime":"Read Time ● 11 Min",
        "seen":62,
        "likes":17,
        "comment":9,
        "free":true
    },
    {
      "id": 16,
       "author":"Haley",
       "category":"Health",
       "image":"https://d18zdz9g6n5za7.cloudfront.net/blog/640/640-1256-improving-productivity-with-time-management-8897.jpg",
       "title":"Improving Productivity with<br>  Time Management How to<br>  Reprioritize to Reach<br>  Your Goals",
       "readtime":"Read Time ● 7 Min",
        "seen":51,
        "likes":13,
        "comment":3,
        "free":false
    },
    {
      "id": 17,
       "author":"Kayla",
       "category":"Fitness",
       "image":"https://d18zdz9g6n5za7.cloudfront.net/blog/640/640-1252-how-often-should-you-meditate-8e59.jpg",
       "title":"How often Should You Meditate? How Frequently to Meditate to Reap Health Benefits",
       "readtime":"Read Time ● 6 Min",
        "seen":19,
        "likes":0,
        "comment":5,
        "free":true
    },
    {
      "id": 18,
       "author":"Tasha",
       "category":"Nutrition",
       "image":"https://d18zdz9g6n5za7.cloudfront.net/blog/640/640-1244-exercise-guilt-how-its-helpful-and-how-its-harmful-93d8.jpg",
       "title":"Exercise Guilt: How It's Helpful and How It's Harmful Plus, 6 ways to manage exercise guilt",
       "readtime":"Read Time ● 9 Min",
        "seen":78,
        "likes":23,
        "comment":11,
        "free":true
    },
    {
      "id": 19,
       "author":"Tasha",
       "category":"Mental Health",
       "image":"https://d18zdz9g6n5za7.cloudfront.net/blog/640/640-1254-6-tips-for-managing-procrastination-8d0c.jpg",
       "title":"6 Tips for Managing Fitness Procrastination Plus, why we procrastinate in the first place",
       "readtime":"Read Time ● 11 Min",
        "seen":55,
        "likes":1,
        "comment":5,
        "free":true
    },
    {
      "id": 20,
       "author":"Haley",
       "category":"Expert",
       "image":"https://d18zdz9g6n5za7.cloudfront.net/blog/640/640-1241-behavioral-activation-why-exercise-can-improve-depression-b37b.jpg",
       "title":"How Exercise Can Help With Depression Use behavioral activation to boost your mood and exercise more regularly",
       "readtime":"Read Time ● 10 Min",
        "seen":61,
        "likes":8,
        "comment":11,
        "free":true
    },
    {
      "id": 21,
       "author":"Kayla",
       "category":"Mental Health",
       "image":"https://d18zdz9g6n5za7.cloudfront.net/blog/640/640-1128-5-tips-for-maintaining-body-image-while-facing-ageism-83a5.jpg",
       "title":"5 Tips for Maintaining Body Image While Facing Ageism",
       "readtime":"Read Time ● 8 Min",
        "seen":24,
        "likes":1,
        "comment":3,
        "free":true
    },
    {
      "id": 22,
       "author":"Haley",
       "category":"Expert",
       "image":"https://d18zdz9g6n5za7.cloudfront.net/blog/640/640-1195-what-is-rib-flare-and-how-to-tell-if-you-have-it-9bb4.jpg",
       "title":"What is Rib Flare and How to Tell if You Have It Common causes of rib flare and tips for maintaining rib health",
       "readtime":"Read Time ● 6 Min",
        "seen":22,
        "likes":5,
        "comment":1,
        "free":false
    },
    {
      "id": 23,
       "author":"Tasha",
       "category":"Nutrition",
       "image":"https://d18zdz9g6n5za7.cloudfront.net/blog/640/640-1253-how-to-listen-to-your-body-while-exercising-eating-and-in-times-of-stress-a3e1.jpg",
       "title":"How to Listen to Your Body While Exercising. Eating, and in Times of Stress Improve your relationship with exercise, food, stress, and more with these tips",
       "readtime":"Read Time ● 7 Min",
        "seen":26,
        "likes":3,
        "comment":7,
        "free":true
    },
    {
      "id": 24,
       "author":"Haley",
       "category":"Nutrition",
       "image":"https://d18zdz9g6n5za7.cloudfront.net/blog/640/640-1215-mindful-movement-how-its-done-and-why-its-good-for-you-8eba.jpg",
       "title":"Mindful Movement: How It's Done and Why It's Good for You",
       "readtime":"Read Time ● 12 Min",
        "seen":46,
        "likes":2,
        "comment":2,
        "free":false
    },
    {
      "id": 25,
       "author":"Kayla",
       "category":"Expert",
       "image":"https://d18zdz9g6n5za7.cloudfront.net/blog/640/640-1196-5-ways-to-promote-resilience-through-exercise-b0d7.jpg",
       "title":"5 Ways to Promote Resilience Through Exercise",
       "readtime":"Read Time ● 7 Min",
        "seen":32,
        "likes":6,
        "comment":3,
        "free":true
    },
    {
      "id": 26,
       "author":"Kayla",
       "category":"Mental Health",
       "image":"https://d18zdz9g6n5za7.cloudfront.net/blog/640/640-1124-how-to-combat-mental-health-stigma-a1b8.jpg",
       "title":"How to Combat Mental Health Stiama",
       "readtime":"Read Time ● 9 Min",
        "seen":35,
        "likes":2,
        "comment":5,
        "free":true
    },
    {
      "id": 27,
       "author":"Tasha",
       "category":"Health",
       "image":"https://d18zdz9g6n5za7.cloudfront.net/blog/640/640-1127-ageism-and-body-image-throughout-the-lifespan-81aa.jpg",
       "title":"How Ageism lmpacts Body Image as We Age",
       "readtime":"Read Time ● 6 Min",
        "seen":46,
        "likes":8,
        "comment":2,
        "free":true
    },
    {
      "id": 28,
       "author":"Haley",
       "category":"Nutrition",
       "image":"https://d18zdz9g6n5za7.cloudfront.net/blog/640/640-1136-7-common-misconceptions-about-self-care-8b8d.jpg",
       "title":"7 Common Misconceptions About Self-Care",
       "readtime":"Read Time ● 7 Min",
        "seen":18,
        "likes":5,
        "comment":0,
        "free":false
    },
    {
      "id": 29,
       "author":"Tasha",
       "category":"Mental Health",
       "image":"https://d18zdz9g6n5za7.cloudfront.net/blog/640/640-1243-body-positivity-and-body-neutrality-which-approach-works-best-for-you-b9af.jpg",
       "title":"Body Positivity and<br>  Body Neutrality: Which<br>  Approach Works Best<br>  for You?",
       "readtime":"Read Time ● 7 Min",
        "seen":96,
        "likes":9,
        "comment":6,
        "free":true
    },
    {
      "id": 30,
       "author":"Kayla",
       "category":"Expert",
       "image":"https://d18zdz9g6n5za7.cloudfront.net/blog/640/640-1137-how-to-create-a-personalized-self-care-plan-81a0.jpg",
       "title":"Create a Personalized Self Care Plan in 4 Steps",
       "readtime":"Read Time ● 8 Min",
        "seen":32,
        "likes":1,
        "comment":4,
        "free":true
    },
    {
      "id": 31,
       "author":"Tasha",
       "category":"Mental Health",
       "image":"https://d18zdz9g6n5za7.cloudfront.net/blog/640/640-1092-key-strategies-for-increasing-resilience-in-tough-times-bdf1.jpg",
       "title":"Key Strategies for lIncreasing Resilience in Tough<br> Times",
       "readtime":"Read Time ● 11 Min",
        "seen":62,
        "likes":17,
        "comment":9,
        "free":true
    },
    {
      "id": 32,
       "author":"Haley",
       "category":"Mental Health",
       "image":"https://d18zdz9g6n5za7.cloudfront.net/blog/640/640-1099-5-tips-for-improving-self-efficacy-900f.jpg",
       "title":"5 Tips for lmproving<br> Self-Efficacy",
       "readtime":"Read Time ● 7 Min",
        "seen":51,
        "likes":13,
        "comment":3,
        "free":true
    },
    {
      "id": 33,
       "author":"Tasha",
       "category":"Fitness",
       "image":"https://d18zdz9g6n5za7.cloudfront.net/blog/640/640-1167-why-group-socializing-is-great-for-your-health-8f4d.jpg",
       "title":" The Role of Exercise in <br> Addiction Treatment <br> How Fitness Can Help With <br>  Recovery<br>",
       "readtime":"Read Time ● 8 Min",
        "seen":10,
        "likes":5,
        "comment":2,
        "free":true
    },
    {
      "id": 34,
       "author":"Kayla",
       "category":"Nutrition",
       "image":"https://d18zdz9g6n5za7.cloudfront.net/blog/640/640-1135-6-essential-ways-to-practice-self-care-for-wellness-ae9e.jpg",
       "title":"How to Promote a Positive<br>Body Image in Your Child(ren)<br> Practical Tips, Support and Good<br>Behaviors to Model",
       "readtime":"Read Time ● 7 Min",
        "seen":21,
        "likes":2,
        "comment":3,
        "free":true
    },
    {
      "id": 35,
       "author":"Tasha",
       "category":"Expert",
       "image":"https://d18zdz9g6n5za7.cloudfront.net/blog/640/640-1101-5-tips-for-meeting-new-people-and-making-new-friends-b0c3.jpg",
       "title":" How Personality Traits Shape Exercise Behaviors 5 Factors That Impact Your Fitness and Health Habits",
       "readtime":"Read Time ● 10 Min",
        "seen":55,
        "likes":1,
        "comment":5,
        "free":false
    },
    {
      "id": 36,
       "author":"Haley",
       "category":"Mental Health",
       "image":"https://d18zdz9g6n5za7.cloudfront.net/blog/640/640-1051-recognizing-the-healthy-and-unhealthy-coping-mechanisms-in-your-life-97a8.jpg",
       "title":" When Rest is More Important <br> Than Working Out Tips <br> for Managing Rest <br>  Days",
       "readtime":"Read Time ● 10 Min",
        "seen":64,
        "likes":5,
        "comment":7,
        "free":true
    },
    {
      "id": 37,
       "author":"Tasha",
       "category":"Nutrition",
       "image":"https://d18zdz9g6n5za7.cloudfront.net/blog/640/640-1083-how-to-protect-body-image-from-harmful-societal-messaging-b0eb.jpg",
       "title":"What is Body Dysmorphia?<br>Learn About Extreme Body Image Concers and<br> Tratment",
       "readtime":"Read Time ● 8 Min",
        "seen":24,
        "likes":1,
        "comment":3,
        "free":true
    },
    {
      "id": 38,
       "author":"Candice",
       "category":"Mental Health",
       "image":"https://d18zdz9g6n5za7.cloudfront.net/blog/640/640-1033-5-ways-to-cultivate-a-growth-mindset-b674.jpg",
       "title":"How to Cope With The Never-<br>Ending News Cycle<br> Tips For Managing Your News<br> Consumption and Related Emotions",
       "readtime":"Read Time ● 11 Min",
        "seen":22,
        "likes":5,
        "comment":1,
        "free":true
    },
    {
      "id": 39,
       "author":"Tasha",
       "category":"Mental Health",
       "image":"https://d18zdz9g6n5za7.cloudfront.net/blog/640/640-1034-how-changing-your-mindset-can-improve-your-life-896a.jpg",
       "title":"How Self-Awareness Impacts<br> Personal Goals<br> Improve Your Health and<br> Wellness with Metacognition",
       "readtime":"Read Time ● 7 Min",
        "seen":26,
        "likes":3,
        "comment":7,
        "free":true
    },
    {
      "id": 40,
       "author":"Amanda",
       "category":"Expert",
       "image":"https://d18zdz9g6n5za7.cloudfront.net/blog/640/640-1040-how-to-lend-a-helping-hand-80e0.jpg",
       "title":"How to Form Healthy Habits<br> Reach Your Wellness<br>  Goals With These<br>  Practical Tips",
       "readtime":"Read Time ● 10 Min",
        "seen":46,
        "likes":2,
        "comment":2,
        "free":true
    },
    {
      "id": 41,
       "author":"Tasha",
       "category":"Mental Health",
       "image":"https://d18zdz9g6n5za7.cloudfront.net/blog/640/640-1023-6-ways-to-improve-your-emotional-intelligence-9e06.jpg",
       "title":"How to Practice Positive<br> Self-Talk<br> How Your Inner Dialogue Affects<br> Your Mental Health and Goals",
       "readtime":"Read Time ● 7 Min",
        "seen":32,
        "likes":6,
        "comment":3,
        "free":true
    },
    {
      "id": 42,
       "author":"Candice",
       "category":"Nutrition",
       "image":"https://d18zdz9g6n5za7.cloudfront.net/blog/640/640-1020-the-health-at-every-size-philosophy-b0dd.jpg",
       "title":"How Too Much Positivity Can<br> Backfire<br> Recognize the Negative Effects<br> of Excessive Positivity",
       "readtime":"Read Time ● 9 Min",
        "seen":35,
        "likes":2,
        "comment":5,
        "free":false
    },
    {
      "id": 43,
       "author":"Amanda",
       "category":"Mental Health",
       "image":"https://d18zdz9g6n5za7.cloudfront.net/blog/640/640-1008-3-benefits-of-mindful-eating-8ae7.jpg",
       "title":"How Habits Affect Our Health<br> Why Habits Form and How They<br> Can Benefit Our Exercise<br> Journeys",
       "readtime":"Read Time ● 6 Min",
        "seen":46,
        "likes":8,
        "comment":2,
        "free":true
    },
    {
      "id": 44,
       "author":"Tasha",
       "category":"Expert",
       "image":"https://d18zdz9g6n5za7.cloudfront.net/blog/640/640-989-what-is-functional-range-conditioning-a-new-way-to-look-at-mobility-b286.jpg",
       "title":"Tips for Managing Exercise-<br> Induced Anxiety<br> Reduce the Risk of Panic Attacks<br> While Working Out",
       "readtime":"Read Time ● 7 Min",
        "seen":18,
        "likes":5,
        "comment":0,
        "free":true
    },
    {
      "id": 45,
       "author":"Amanda",
       "category":"Mental Health",
       "image":"https://d18zdz9g6n5za7.cloudfront.net/blog/640/640-1016-dos-and-donts-for-giving-great-compliments-a9de.jpg",
       "title":"How to Cope With Mental and Physical Pregnancy Challenges Tips for Navigating Infertility Pregnancy Loss, Anxiety, and Postpartum",
       "readtime":"Read Time ● 9 Min",
        "seen":96,
        "likes":1,
        "comment":0,
        "free":true
    },
    {
      "id": 46,
       "author":"Candice",
       "category":"Nutrition",
       "image":"https://d18zdz9g6n5za7.cloudfront.net/blog/640/640-990-needs-pic-4-ways-to-manage-perfectionism-bbff.jpg",
       "title":"Panic Disorder<br> and Exercise<br> Why Exercise-Induced <br> Anxiety Happens",
       "readtime":"Read Time ● 8 Min",
        "seen":32,
        "likes":1,
        "comment":4,
        "free":true
    },
    {
      "id": 47,
       "author":"Amanda",
       "category":"Mental Health",
       "image":"https://d18zdz9g6n5za7.cloudfront.net/blog/640/640-982-turn-your-brain-into-a-super-focused-stress-fighting-machine-through-mindfulness-bcea.jpg",
       "title":"Time Management Tips<br>  Practical Strategies<br>  From Fitness Blender<br>  Trainers",
       "readtime":"Read Time ● 11 Min",
        "seen":62,
        "likes":17,
        "comment":9,
        "free":true
    },
    {
      "id": 48,
       "author":"Amanda",
       "category":"Mental Health",
       "image":"https://d18zdz9g6n5za7.cloudfront.net/blog/640/640-991-3-ways-exercise-can-benefit-adults-with-adhd-ab95.jpg",
       "title":"Improving Productivity with<br>  Time Management How to<br>  Reprioritize to Reach<br>  Your Goals",
       "readtime":"Read Time ● 7 Min",
        "seen":51,
        "likes":13,
        "comment":3,
        "free":true
    },
    {
      "id": 49,
       "author":"Tasha",
       "category":"Fitness",
       "image":"https://d18zdz9g6n5za7.cloudfront.net/blog/640/640-1004-how-to-express-anger-in-a-healthy-way-a6fd.jpg",
       "title":" The Role of Exercise in <br> Addiction Treatment <br> How Fitness Can Help With <br>  Recovery<br>",
       "readtime":"Read Time ● 8 Min",
        "seen":10,
        "likes":5,
        "comment":2,
        "free":false
    },
    {
      "id": 50,
       "author":"Amanda",
       "category":"Nutrition",
       "image":"https://d18zdz9g6n5za7.cloudfront.net/blog/640/640-1010-recognizing-healthy-and-unhealthy-coping-mechanisms-in-your-life-8be7.jpg",
       "title":"How to Promote a Positive<br>Body Image in Your Child(ren)<br> Practical Tips, Support and Good<br>Behaviors to Model",
       "readtime":"Read Time ● 7 Min",
        "seen":21,
        "likes":2,
        "comment":3,
        "free":true
    },
    {
      "id": 51,
       "author":"Tasha",
       "category":"Mental Health",
       "image":"https://d18zdz9g6n5za7.cloudfront.net/blog/640/640-981-simple-techniques-for-reducing-anxiety-b9d7.jpg",
       "title":" How Personality Traits Shape Exercise Behaviors 5 Factors That Impact Your Fitness and Health Habits",
       "readtime":"Read Time ● 10 Min",
        "seen":55,
        "likes":1,
        "comment":5,
        "free":true
    },
    {
      "id": 52,
       "author":"Amanda",
       "category":"Expert",
       "image":"https://d18zdz9g6n5za7.cloudfront.net/blog/640/640-976-not-just-baby-blues-postpartum-depression-8ba0.jpg",
       "title":" When Rest is More Important <br> Than Working Out Tips <br> for Managing Rest <br>  Days",
       "readtime":"Read Time ● 10 Min",
        "seen":64,
        "likes":5,
        "comment":7,
        "free":true
    },
    {
      "id": 53,
       "author":"Candice",
       "category":"Nutrition",
       "image":"https://d18zdz9g6n5za7.cloudfront.net/blog/640/640-976-not-just-baby-blues-postpartum-depression-8ba0.jpg",
       "title":"What is Body Dysmorphia?<br>Learn About Extreme Body Image Concers and<br> Tratment",
       "readtime":"Read Time ● 8 Min",
        "seen":24,
        "likes":1,
        "comment":3,
        "free":true
    },
    {
      "id": 54,
       "author":"Amanda",
       "category":"Mental Health",
       "image":"https://d18zdz9g6n5za7.cloudfront.net/blog/640/640-977-the-7-most-common-running-injuries-plus-how-to-prevent-them-9a35.jpg",
       "title":"How to Cope With The Never-<br>Ending News Cycle<br> Tips For Managing Your News<br> Consumption and Related Emotions",
       "readtime":"Read Time ● 11 Min",
        "seen":22,
        "likes":5,
        "comment":1,
        "free":false
    },
    {
      "id": 55,
       "author":"Tasha",
       "category":"Health",
       "image":"https://d18zdz9g6n5za7.cloudfront.net/blog/640/640-980-need-pic-stress-vs-anxiety-whats-the-difference-ae71.jpg",
       "title":"How Self-Awareness Impacts<br> Personal Goals<br> Improve Your Health and<br> Wellness with Metacognition",
       "readtime":"Read Time ● 7 Min",
        "seen":26,
        "likes":3,
        "comment":7,
        "free":true
    },
    {
      "id": 56,
       "author":"Candice",
       "category":"Health",
       "image":"https://d18zdz9g6n5za7.cloudfront.net/blog/640/640-975-understanding-how-to-increase-your-motivation-to-exercise-8b44.jpg",
       "title":"How to Form Healthy Habits<br> Reach Your Wellness<br>  Goals With These<br>  Practical Tips",
       "readtime":"Read Time ● 10 Min",
        "seen":46,
        "likes":2,
        "comment":2,
        "free":true
    },
    {
      "id": 57,
       "author":"Tasha",
       "category":"Mental Health",
       "image":"https://d18zdz9g6n5za7.cloudfront.net/blog/640/640-972-understand-and-limit-the-effects-of-seasonal-affective-disorder-bf40.jpg",
       "title":"How to Practice Positive<br> Self-Talk<br> How Your Inner Dialogue Affects<br> Your Mental Health and Goals",
       "readtime":"Read Time ● 7 Min",
        "seen":32,
        "likes":6,
        "comment":3,
        "free":true
    },
    {
      "id": 58,
       "author":"Amanda",
       "category":"Mental Health",
       "image":"https://d18zdz9g6n5za7.cloudfront.net/blog/640/640-953-social-comparison-tips-for-making-the-most-of-comparisons-a2eb.jpg",
       "title":"How Too Much Positivity Can<br> Backfire<br> Recognize the Negative Effects<br> of Excessive Positivity",
       "readtime":"Read Time ● 9 Min",
        "seen":35,
        "likes":2,
        "comment":5,
        "free":true
    },
    {
      "id": 59,
       "author":"Tasha",
       "category":"Health",
       "image":"https://d18zdz9g6n5za7.cloudfront.net/blog/640/640-944-eating-disorders-explained-contributing-factors-and-lived-experiences-ade2.jpg",
       "title":"How Habits Affect Our Health<br> Why Habits Form and How They<br> Can Benefit Our Exercise<br> Journeys",
       "readtime":"Read Time ● 6 Min",
        "seen":46,
        "likes":8,
        "comment":2,
        "free":false
    },
    {
      "id": 60,
       "author":"Amanda",
       "category":"Mental Health",
       "image":"https://d18zdz9g6n5za7.cloudfront.net/blog/640/640-971-9-tips-on-how-to-keep-hip-joints-healthy-b27e.jpg",
       "title":"Tips for Managing Exercise-<br> Induced Anxiety<br> Reduce the Risk of Panic Attacks<br> While Working Out",
       "readtime":"Read Time ● 7 Min",
        "seen":18,
        "likes":5,
        "comment":0,
        "free":true
    },
    {
      "id": 61,
       "author":"Candice",
       "category":"Mental Health",
       "image":"https://d18zdz9g6n5za7.cloudfront.net/blog/640/640-968-needs-pic-treatment-options-for-eating-disorders-and-recovery-outcomes-9b45.jpg",
       "title":"How to Cope With Mental and Physical Pregnancy Challenges Tips for Navigating Infertility Pregnancy Loss, Anxiety, and Postpartum",
       "readtime":"Read Time ● 9 Min",
        "seen":96,
        "likes":1,
        "comment":0,
        "free":true
    },
    {
      "id": 62,
       "author":"Amanda",
       "category":"Mental Health",
       "image":"https://d18zdz9g6n5za7.cloudfront.net/blog/640/640-936-needs-pic-benefits-of-emom-workouts-and-how-to-incorporate-them-into-your-routines-960b.jpg",
       "title":"Panic Disorder<br> and Exercise<br> Why Exercise-Induced <br> Anxiety Happens",
       "readtime":"Read Time ● 8 Min",
        "seen":32,
        "likes":1,
        "comment":4,
        "free":true
    },
    {
      "id": 63,
       "author":"Tasha",
       "category":"Mental Health",
       "image":"https://d18zdz9g6n5za7.cloudfront.net/blog/640/640-964-moving-beyond-control-balancing-emotions-and-logic-bb8d.jpg",
       "title":"Time Management Tips<br>  Practical Strategies<br>  From Fitness Blender<br>  Trainers",
       "readtime":"Read Time ● 11 Min",
        "seen":62,
        "likes":17,
        "comment":9,
        "free":true
    },
    {
      "id": 64,
       "author":"Tasha",
       "category":"Mental Health",
       "image":"https://d18zdz9g6n5za7.cloudfront.net/blog/640/640-945-how-to-better-understand-and-manage-stress-84a0.jpg",
       "title":"Improving Productivity with<br>  Time Management How to<br>  Reprioritize to Reach<br>  Your Goals",
       "readtime":"Read Time ● 7 Min",
        "seen":51,
        "likes":13,
        "comment":3,
        "free":true
    },
    {
      "id": 65,
       "author":"Tasha",
       "category":"Mental Health",
       "image":"https://d18zdz9g6n5za7.cloudfront.net/blog/640/640-967-debunking-5-popular-myths-about-exercise-and-depression-aed9.jpg",
       "title":"Improving Productivity with<br>  Time Management How to<br>  Reprioritize to Reach<br>  Your Goals",
       "readtime":"Read Time ● 7 Min",
        "seen":51,
        "likes":13,
        "comment":3,
        "free":true
    }
  ],
  "Recipes":[
    {
      "id": 1,
       "author":"Patterson",
       "image":"https://d18zdz9g6n5za7.cloudfront.net/blog/640/640-1311-very-veggie-gazpacho-8198.jpg",
       "title":"Gazpacho with Cucumber, <br> Cottage Cheese, and  Chicken  <br> Toasts",
       "readtime":"Healthy Recipes",
        "seen":10,
        "likes":5,
        "comment":2,
        "free":true,
        "mealtype":"Side Dish",
        "dietarytype":"Omnivore",
        "preptime":3,
        "cooktime":3
    },
    {
      "id": 2,
       "author":"Patterson",
       "image":"https://d18zdz9g6n5za7.cloudfront.net/blog/640/640-1323-one-pan-salmon-with-roasted-vegetables-and-rice-aa91.jpg",
       "title":"One-Pan Salmorn with Roasted Vegetables and Rice",
       "readtime":"Healthy Recipes",
        "seen":10,
        "likes":5,
        "comment":2,
        "free":true,
        "mealtype":"Dinner",
        "dietarytype":"Omnivore",
        "preptime":5,
        "cooktime":15
    },
    {
      "id": 3,
       "author":"Patterson",
       "image":"https://d18zdz9g6n5za7.cloudfront.net/blog/640/640-1085-tandoori-style-chicken-skewers-b77b.jpg",
       "title":"Tandoori-Style Chicken <br>  Skewers With Curry Sauce <br>  and Brown Rice",
       "readtime":"Healthy Recipes",
        "seen":15,
        "likes":9,
        "comment":2,
        "free":true,
        "mealtype":"Dinner",
        "dietarytype":"Omnivore",
        "preptime":8,
        "cooktime":5
    },
    {
      "id": 4,
       "author":"Patterson",
       "image":"https://d18zdz9g6n5za7.cloudfront.net/blog/640/640-1081-shakshuka-breakfast-pizza-aea2.jpg",
       "title":"Shakshuka Breakfast Pizza North-African and Middle Eastern Inspired Breakfast",
       "readtime":"Healthy Recipes",
        "seen":7,
        "likes":5,
        "comment":1,
        "free":true,
        "mealtype":"Breakfast",
        "dietarytype":"Vegan",
        "preptime":9,
        "cooktime":5
    },
    {
      "id": 5,
       "author":"Patterson",
       "image":"https://d18zdz9g6n5za7.cloudfront.net/blog/640/640-1289-baked-chicken-and-rice-casserole-a7bc.jpg",
       "title":"Baked Chicken and Rice Casserole With Garlic Sauce and Bread Crumb Topping",
       "readtime":"Healthy Recipes",
        "seen":15,
        "likes":3,
        "comment":0,
        "free":false,
        "mealtype":"Lunch,Dinner",
        "dietarytype":"Omnivore",
        "preptime":4,
        "cooktime":12
    },
    {
      "id": 6,
       "author":"Patterson",
       "image":"https://d18zdz9g6n5za7.cloudfront.net/blog/640/640-1229-egg-and-sun-dried-tomato-stuffed-zucchini-a0db.jpg",
       "title":"Egg and Sun-Dried Tomato Stuffed Zucchini Mediterrarnean-Inspired Breakfast or Brunch",
       "readtime":"Healthy Recipes",
        "seen":100,
        "likes":51,
        "comment":21,
        "free":true,
        "mealtype":"Side Dish",
        "dietarytype":"Vegetarian",
        "preptime":3,
        "cooktime":5
    },
    {
      "id": 7,
       "author":"Patterson",
       "image":"https://d18zdz9g6n5za7.cloudfront.net/blog/640/640-1233-easy-salmon-patties-9197.jpg",
       "title":"Easy Salmon Patties<br> With Tzatziki Sauce and <br> Roasted Zucchini",
       "readtime":"Healthy Recipes",
        "seen":33,
        "likes":15,
        "comment":0,
        "free":true,
        "mealtype":"Lunch,Dinner",
        "dietarytype":"Vegetarian",
        "preptime":3,
        "cooktime":8
    },
    {
      "id": 8,
       "author":"Patterson",
       "image":"https://d18zdz9g6n5za7.cloudfront.net/blog/640/640-1232-one-pan-lemon-artichoke-chicken-9656.jpg",
       "title":"One-Pan Lemon<br>  Artichoke Chicken<br>  With Brown Rice and Kale",
       "readtime":"Healthy Recipes",
        "seen":18,
        "likes":15,
        "comment":12,
        "free":true,
        "mealtype":"Side Dish",
        "dietarytype":"Omnivore",
        "preptime":12,
        "cooktime":15
    },
    {
      "id": 9,
       "author":"Patterson",
       "image":"https://d18zdz9g6n5za7.cloudfront.net/blog/640/640-1226-chicken-berry-salad-aae9.jpg",
       "title":"Chicken Berry Salad With<br> Lemon Pepper Dressing",
       "readtime":"Healthy Recipes",
        "seen":70,
        "likes":45,
        "comment":12,
        "free":true,
        "mealtype":"Lunch,Dinner",
        "dietarytype":"Omnivore",
        "preptime":6,
        "cooktime":9
    },
    {
      "id": 10,
       "author":"Patterson",
       "image":"https://d18zdz9g6n5za7.cloudfront.net/blog/640/640-1231-hummus-breakfast-bowl-83f9.jpg",
       "title":"Hummus Breakfast Bowl<br> With Veggies, Feta, and a Fried<br> Egg",
       "readtime":"Healthy Recipes",
        "seen":0,
        "likes":6,
        "comment":3,
        "free":true,
        "mealtype":"Lunch",
        "dietarytype":"Vegan",
        "preptime":9,
        "cooktime":12
    },
    {
      "id": 11,
       "author":"Patterson",
       "image":"https://d18zdz9g6n5za7.cloudfront.net/blog/640/640-1237-vegetarian-tex-mex-tacos-94c2.jpg",
       "title":"Vegetarian Tex-Mex Tacos With Roasted Chickpeas and Homemade BBQ Sauce",
       "readtime":"Healthy Recipes",
        "seen":10,
        "likes":3,
        "comment":1,
        "free":false,
        "mealtype":"Dinner",
        "dietarytype":"Omnivore",
        "preptime":7,
        "cooktime":9
    },
    {
      "id": 12,
       "author":"Patterson",
       "image":"https://d18zdz9g6n5za7.cloudfront.net/blog/640/640-1223-blueberry-and-kale-protein-smoothie-816a.jpg",
       "title":"Blueberry and Kale Protein<br> Smoothie<br> With Yogurt, Nut Butter, and Honey",
       "readtime":"Healthy Recipes",
        "seen":40,
        "likes":32,
        "comment":24,
        "free":true,
        "mealtype":"Side Dish",
        "dietarytype":"Vegan",
        "preptime":15,
        "cooktime":18
    },
    {
      "id": 13,
       "author":"Patterson",
       "image":"https://d18zdz9g6n5za7.cloudfront.net/blog/640/640-1225-salmon-broccoli-breakfast-wrap-9072.jpg",
       "title":"Salmon Broccoli Breakfast<br>  Wrap<br>  With Egg Whites and Cheddar Chees",
       "readtime":"Healthy Recipes",
        "seen":19,
        "likes":7,
        "comment":5,
        "free":true,
        "mealtype":"Side Dish",
        "dietarytype":"Omnivore",
        "preptime":3,
        "cooktime":15
    },
    {
      "id": 14,
       "author":"Patterson",
       "image":"https://d18zdz9g6n5za7.cloudfront.net/blog/640/640-1070-lemon-basil-zucchini-8408.jpg",
       "title":"Steamed Zucchini with<br> Lemon and Basil <br>Simple Summer Squash Side<br> Dish",
       "readtime":"Healthy Recipes",
        "seen":10,
        "likes":5,
        "comment":2,
        "free":true,
        "mealtype":"Lunch,Dinner",
        "dietarytype":"Vegan",
        "preptime":2,
        "cooktime":3
    },
    {
      "id": 15,
       "author":"Patterson",
       "image":"https://d18zdz9g6n5za7.cloudfront.net/blog/640/640-1053-broccoli-caesar-side-dish-8483.jpg",
       "title":"Broccoli Caesar Side Dish<br> With Healthy Homemade<br> Dressing",
       "readtime":"Healthy Recipes",
        "seen":90,
        "likes":54,
        "comment":33,
        "free":false,
        "mealtype":"Side Dish",
        "dietarytype":"Omnivore",
        "preptime":12,
        "cooktime":15
    },
    {
      "id": 16,
       "author":"Patterson",
       "image":"https://d18zdz9g6n5za7.cloudfront.net/blog/640/640-1076-roasted-steakhouse-potatoes-9c4b.jpg",
       "title":"Roasted Steakhouse<br>  Potatoes<br>  Seasoned With Dijon and Garlic",
       "readtime":"Healthy Recipes",
        "seen":122,
        "likes":54,
        "comment":12,
        "free":true,
        "mealtype":"Breakfast",
        "dietarytype":"Omnivore",
        "preptime":12,
        "cooktime":15
    },
    {
      "id": 17,
       "author":"Patterson",
       "image":"https://d18zdz9g6n5za7.cloudfront.net/blog/640/640-1069-italian-side-salad-aa4d.jpg",
       "title":"Itallan Side Salad With Balsamic Dressing and Mediterranean Herbs",
       "readtime":"Healthy Recipes",
        "seen":10,
        "likes":5,
        "comment":2,
        "free":true,
        "mealtype":"Side Dish",
        "dietarytype":"Omnivore",
        "preptime":3,
        "cooktime":3
    },
    {
      "id": 18,
       "author":"Patterson",
       "image":"https://d18zdz9g6n5za7.cloudfront.net/blog/640/640-1175-lemon-basil-steamed-greens-9472.jpg",
       "title":"Lemon Basil Steamed Greens",
       "readtime":"Healthy Recipes",
        "seen":10,
        "likes":5,
        "comment":2,
        "free":true,
        "mealtype":"Dinner",
        "dietarytype":"Omnivore",
        "preptime":5,
        "cooktime":15
    },
    {
      "id": 19,
       "author":"Patterson",
       "image":"https://d18zdz9g6n5za7.cloudfront.net/blog/640/640-1190-tuna-and-quinoa-side-salad-b5f2.jpg",
       "title":"Tuna and Quinoa<br> Side Salad",
       "readtime":"Healthy Recipes",
        "seen":15,
        "likes":9,
        "comment":2,
        "free":true,
        "mealtype":"Dinner",
        "dietarytype":"Omnivore",
        "preptime":8,
        "cooktime":5
    },
    {
      "id": 20,
       "author":"Patterson",
       "image":"https://d18zdz9g6n5za7.cloudfront.net/blog/640/640-1192-turkey-burger-mini-melt-bc6d.jpg",
       "title":"Turkey Burger Mini Melt Cheesy Skillet Patty Melt",
       "readtime":"Healthy Recipes",
        "seen":7,
        "likes":5,
        "comment":1,
        "free":true,
        "mealtype":"Breakfast",
        "dietarytype":"Vegan",
        "preptime":9,
        "cooktime":5
    },
    {
      "id": 21,
       "author":"Patterson",
       "image":"https://d18zdz9g6n5za7.cloudfront.net/blog/640/640-1154-tofu-pad-thai-with-mango-peanut-sauce-9b3b.jpg",
       "title":"Tofu Pad Thai with Mango Peanut Sauc A Vegan Remix of the Classic Recipe",
       "readtime":"Healthy Recipes",
        "seen":15,
        "likes":3,
        "comment":0,
        "free":false,
        "mealtype":"Lunch,Dinner",
        "dietarytype":"Omnivore",
        "preptime":4,
        "cooktime":12
    },
    {
      "id": 22,
       "author":"Patterson",
       "image":"https://d18zdz9g6n5za7.cloudfront.net/blog/640/640-1222-berry-yogurt-bowl-with-honey-and-almonds-9693.jpg",
       "title":"Berry Yogurt Bowl with Honey and Almonds",
       "readtime":"Healthy Recipes",
        "seen":100,
        "likes":51,
        "comment":21,
        "free":true,
        "mealtype":"Side Dish",
        "dietarytype":"Vegetarian",
        "preptime":3,
        "cooktime":5
    },
    {
      "id": 23,
       "author":"Patterson",
       "image":"https://d18zdz9g6n5za7.cloudfront.net/blog/640/640-1180-no-churn-chocolate-and-strawberry-ice-cream-8720.jpg",
       "title":"No-Churn chocolate and Strawberry lce Cream",
       "readtime":"Healthy Recipes",
        "seen":33,
        "likes":15,
        "comment":0,
        "free":true,
        "mealtype":"Lunch,Dinner",
        "dietarytype":"Vegetarian",
        "preptime":3,
        "cooktime":8
    },
    {
      "id": 24,
       "author":"Patterson",
       "image":"https://d18zdz9g6n5za7.cloudfront.net/blog/640/640-1177-high-protein-lentil-stew-with-chicken-acac.jpg",
       "title":"High-Protein Lentil Stew with <br>Chicken",
       "readtime":"Healthy Recipes",
        "seen":18,
        "likes":15,
        "comment":12,
        "free":true,
        "mealtype":"Side Dish",
        "dietarytype":"Omnivore",
        "preptime":12,
        "cooktime":15
    },
    {
      "id": 25,
       "author":"Patterson",
       "image":"https://d18zdz9g6n5za7.cloudfront.net/blog/640/640-1176-vegetarian-lentil-bolognese-with-lentils-8256.jpg",
       "title":"Vegetarian Lentil Bolognese",
       "readtime":"Healthy Recipes",
        "seen":70,
        "likes":45,
        "comment":12,
        "free":true,
        "mealtype":"Lunch,Dinner",
        "dietarytype":"Omnivore",
        "preptime":6,
        "cooktime":9
    },
    {
      "id": 26,
       "author":"Patterson",
       "image":"https://d18zdz9g6n5za7.cloudfront.net/blog/640/640-1162-blackened-chicken-and-pico-de-gallo-side-salad-b8ee.jpg",
       "title":"Blackened chicken and Pico de Gallo Side Salad",
       "readtime":"Healthy Recipes",
        "seen":0,
        "likes":6,
        "comment":3,
        "free":true,
        "mealtype":"Lunch",
        "dietarytype":"Omnivore",
        "preptime":9,
        "cooktime":12
    },
    {
      "id": 27,
       "author":"Patterson",
       "image":"https://d18zdz9g6n5za7.cloudfront.net/blog/640/640-1163-brussels-sprouts-and-apple-side-salad-af20.jpg",
       "title":"Brussels Sprouts and Apple<br>Side Salad",
       "readtime":"Healthy Recipes",
        "seen":10,
        "likes":3,
        "comment":1,
        "free":false,
        "mealtype":"Dinner",
        "dietarytype":"Omnivore",
        "preptime":7,
        "cooktime":9
    },
    {
      "id": 28,
       "author":"Patterson",
       "image":"https://d18zdz9g6n5za7.cloudfront.net/blog/640/640-1166-chunky-chicken-chef-salad-8d27.jpg",
       "title":"Chunky Chicken Chef Salad",
       "readtime":"Healthy Recipes",
        "seen":40,
        "likes":32,
        "comment":24,
        "free":true,
        "mealtype":"Side Dish",
        "dietarytype":"Vegan",
        "preptime":15,
        "cooktime":18
    },
    {
      "id": 29,
       "author":"Patterson",
       "image":"https://d18zdz9g6n5za7.cloudfront.net/blog/640/640-1147-pasta-e-fagioli-af67.jpg",
       "title":"Pasta e Fagioli",
       "readtime":"Healthy Recipes",
        "seen":19,
        "likes":7,
        "comment":5,
        "free":true,
        "mealtype":"Side Dish",
        "dietarytype":"Omnivore",
        "preptime":3,
        "cooktime":15
    },
    {
      "id": 30,
       "author":"Patterson",
       "image":"https://d18zdz9g6n5za7.cloudfront.net/blog/640/640-1170-everything-bagel-toast-with-salmon-9b27.jpg",
       "title":"Everything Bagel Toast with Salmon",
       "readtime":"Healthy Recipes",
        "seen":10,
        "likes":5,
        "comment":2,
        "free":true,
        "mealtype":"Lunch,Dinner",
        "dietarytype":"Vegan",
        "preptime":2,
        "cooktime":3
    },
    {
      "id": 31,
       "author":"Patterson",
       "image":"https://d18zdz9g6n5za7.cloudfront.net/blog/640/640-1187-strawberry-citrus-smoothie-ba67.jpg",
       "title":"Strawberry Citrus Smoothie",
       "readtime":"Healthy Recipes",
        "seen":90,
        "likes":54,
        "comment":33,
        "free":false,
        "mealtype":"Side Dish",
        "dietarytype":"Omnivore",
        "preptime":12,
        "cooktime":15
    },
    {
      "id": 32,
       "author":"Patterson",
       "image":"https://d18zdz9g6n5za7.cloudfront.net/blog/640/640-1161-energy-boosting-bean-green-and-grain-bowl-9444.jpg",
       "title":"Energy-B0osting Bean, Green, and<br> Grain Bowl",
       "readtime":"Healthy Recipes",
        "seen":122,
        "likes":54,
        "comment":12,
        "free":true,
        "mealtype":"Breakfast",
        "dietarytype":"Omnivore",
        "preptime":12,
        "cooktime":15
    },
    {
      "id": 33,
       "author":"Patterson",
       "image":"https://d18zdz9g6n5za7.cloudfront.net/blog/640/640-1164-buffalo-chickpea-wrap-955e.jpg",
       "title":"Gazpacho with Cucumber, <br> Cottage Cheese, and  Chicken  <br> Toasts",
       "readtime":"Healthy Recipes",
        "seen":10,
        "likes":5,
        "comment":2,
        "free":true,
        "mealtype":"Side Dish",
        "dietarytype":"Omnivore",
        "preptime":3,
        "cooktime":3
    },
    {
      "id": 34,
       "author":"Patterson",
       "image":"https://d18zdz9g6n5za7.cloudfront.net/blog/640/640-1074-penne-alla-vodka-with-turkey-sausage-9977.jpg",
       "title":"One-Pan Salmorn with Roasted Vegetables and Rice",
       "readtime":"Healthy Recipes",
        "seen":10,
        "likes":5,
        "comment":2,
        "free":true,
        "mealtype":"Dinner",
        "dietarytype":"Omnivore",
        "preptime":5,
        "cooktime":15
    },
    {
      "id": 35,
       "author":"Patterson",
       "image":"https://d18zdz9g6n5za7.cloudfront.net/blog/640/640-1171-fattoush-side-salad-b5c8.jpg",
       "title":"Tandoori-Style Chicken <br>  Skewers With Curry Sauce <br>  and Brown Rice",
       "readtime":"Healthy Recipes",
        "seen":15,
        "likes":9,
        "comment":2,
        "free":true,
        "mealtype":"Dinner",
        "dietarytype":"Omnivore",
        "preptime":8,
        "cooktime":5
    },
    {
      "id": 36,
       "author":"Patterson",
       "image":"https://d18zdz9g6n5za7.cloudfront.net/blog/640/640-1144-breakfast-tuna-melt-ad36.jpg",
       "title":"Shakshuka Breakfast Pizza North-African and Middle Eastern Inspired Breakfast",
       "readtime":"Healthy Recipes",
        "seen":7,
        "likes":5,
        "comment":1,
        "free":true,
        "mealtype":"Breakfast",
        "dietarytype":"Vegan",
        "preptime":9,
        "cooktime":5
    },
    {
      "id": 37,
       "author":"Patterson",
       "image":"https://d18zdz9g6n5za7.cloudfront.net/blog/640/640-1159-avocado-greens-and-mango-smoothie-bc65.jpg",
       "title":"Baked Chicken and Rice Casserole With Garlic Sauce and Bread Crumb Topping",
       "readtime":"Healthy Recipes",
        "seen":15,
        "likes":3,
        "comment":0,
        "free":false,
        "mealtype":"Lunch,Dinner",
        "dietarytype":"Omnivore",
        "preptime":4,
        "cooktime":12
    },
    {
      "id": 38,
       "author":"Patterson",
       "image":"https://d18zdz9g6n5za7.cloudfront.net/blog/640/640-1065-quick-veggie-fried-rice-with-sunny-eggs-bfb1.jpg",
       "title":"Egg and Sun-Dried Tomato Stuffed Zucchini Mediterrarnean-Inspired Breakfast or Brunch",
       "readtime":"Healthy Recipes",
        "seen":100,
        "likes":51,
        "comment":21,
        "free":true,
        "mealtype":"Side Dish",
        "dietarytype":"Vegetarian",
        "preptime":3,
        "cooktime":5
    },
    {
      "id": 39,
       "author":"Patterson",
       "image":"https://d18zdz9g6n5za7.cloudfront.net/blog/640/640-1062-cucumber-raita-side-salad-bb1a.jpg",
       "title":"Easy Salmon Patties<br> With Tzatziki Sauce and <br> Roasted Zucchini",
       "readtime":"Healthy Recipes",
        "seen":33,
        "likes":15,
        "comment":0,
        "free":true,
        "mealtype":"Lunch,Dinner",
        "dietarytype":"Vegetarian",
        "preptime":3,
        "cooktime":8
    },
    {
      "id": 40,
       "author":"Patterson",
       "image":"https://d18zdz9g6n5za7.cloudfront.net/blog/640/640-1165-chicken-fajita-stuffed-sweet-potatoes-99b5.jpg",
       "title":"One-Pan Lemon<br>  Artichoke Chicken<br>  With Brown Rice and Kale",
       "readtime":"Healthy Recipes",
        "seen":18,
        "likes":15,
        "comment":12,
        "free":true,
        "mealtype":"Side Dish",
        "dietarytype":"Omnivore",
        "preptime":12,
        "cooktime":15
    },
    {
      "id": 41,
       "author":"Patterson",
       "image":"https://d18zdz9g6n5za7.cloudfront.net/blog/640/640-1188-tofu-scramble-with-sweet-potatoes-and-greens-9521.jpg",
       "title":"Chicken Berry Salad With<br> Lemon Pepper Dressing",
       "readtime":"Healthy Recipes",
        "seen":70,
        "likes":45,
        "comment":12,
        "free":true,
        "mealtype":"Lunch,Dinner",
        "dietarytype":"Omnivore",
        "preptime":6,
        "cooktime":9
    },
    {
      "id": 42,
       "author":"Patterson",
       "image":"https://d18zdz9g6n5za7.cloudfront.net/blog/640/640-1071-meaty-mushroom-french-dips-8b4b.jpg",
       "title":"Hummus Breakfast Bowl<br> With Veggies, Feta, and a Fried<br> Egg",
       "readtime":"Healthy Recipes",
        "seen":0,
        "likes":6,
        "comment":3,
        "free":true,
        "mealtype":"Lunch",
        "dietarytype":"Vegan",
        "preptime":9,
        "cooktime":12
    },
    {
      "id": 43,
       "author":"Patterson",
       "image":"https://d18zdz9g6n5za7.cloudfront.net/blog/640/640-1189-tofu-taco-salad-b6a3.jpg",
       "title":"Vegetarian Tex-Mex Tacos With Roasted Chickpeas and Homemade BBQ Sauce",
       "readtime":"Healthy Recipes",
        "seen":10,
        "likes":3,
        "comment":1,
        "free":false,
        "mealtype":"Dinner",
        "dietarytype":"Omnivore",
        "preptime":7,
        "cooktime":9
    },
    {
      "id": 44,
       "author":"Patterson",
       "image":"https://d18zdz9g6n5za7.cloudfront.net/blog/640/640-1084-spicy-asian-salmon-rolls-8daa.jpg",
       "title":"Blueberry and Kale Protein<br> Smoothie<br> With Yogurt, Nut Butter, and Honey",
       "readtime":"Healthy Recipes",
        "seen":40,
        "likes":32,
        "comment":24,
        "free":true,
        "mealtype":"Side Dish",
        "dietarytype":"Vegan",
        "preptime":15,
        "cooktime":18
    },
    {
      "id": 45,
       "author":"Patterson",
       "image":"https://d18zdz9g6n5za7.cloudfront.net/blog/640/640-1168-citrus-strawberry-and-cucumber-side-salad-8041.jpg",
       "title":"Salmon Broccoli Breakfast<br>  Wrap<br>  With Egg Whites and Cheddar Chees",
       "readtime":"Healthy Recipes",
        "seen":19,
        "likes":7,
        "comment":5,
        "free":true,
        "mealtype":"Side Dish",
        "dietarytype":"Omnivore",
        "preptime":3,
        "cooktime":15
    },
    {
      "id": 46,
       "author":"Patterson",
       "image":"https://d18zdz9g6n5za7.cloudfront.net/blog/640/640-1063-curried-sweet-potato-side-salad-a280.jpg",
       "title":"Steamed Zucchini with<br> Lemon and Basil <br>Simple Summer Squash Side<br> Dish",
       "readtime":"Healthy Recipes",
        "seen":10,
        "likes":5,
        "comment":2,
        "free":true,
        "mealtype":"Lunch,Dinner",
        "dietarytype":"Vegan",
        "preptime":2,
        "cooktime":3
    },
    {
      "id": 47,
       "author":"Patterson",
       "image":"https://d18zdz9g6n5za7.cloudfront.net/blog/640/640-1185-nutritious-seafood-chowder-afe5.jpg",
       "title":"Broccoli Caesar Side Dish<br> With Healthy Homemade<br> Dressing",
       "readtime":"Healthy Recipes",
        "seen":90,
        "likes":54,
        "comment":33,
        "free":false,
        "mealtype":"Side Dish",
        "dietarytype":"Omnivore",
        "preptime":12,
        "cooktime":15
    },
    {
      "id": 48,
       "author":"Patterson",
       "image":"https://d18zdz9g6n5za7.cloudfront.net/blog/640/640-1057-cheesy-broccoli-and-potato-soup-with-tempeh-bacon-topping-b50d.jpg",
       "title":"Roasted Steakhouse<br>  Potatoes<br>  Seasoned With Dijon and Garlic",
       "readtime":"Healthy Recipes",
        "seen":122,
        "likes":54,
        "comment":12,
        "free":true,
        "mealtype":"Breakfast",
        "dietarytype":"Omnivore",
        "preptime":12,
        "cooktime":15
    },
    {
      "id": 49,
       "author":"Patterson",
       "image":"https://d18zdz9g6n5za7.cloudfront.net/blog/640/640-1066-eggy-breakfast-bruschetta-8619.jpg",
       "title":"Itallan Side Salad With Balsamic Dressing and Mediterranean Herbs",
       "readtime":"Healthy Recipes",
        "seen":10,
        "likes":5,
        "comment":2,
        "free":true,
        "mealtype":"Side Dish",
        "dietarytype":"Omnivore",
        "preptime":3,
        "cooktime":3
    },
    {
      "id": 50,
       "author":"Patterson",
       "image":"https://d18zdz9g6n5za7.cloudfront.net/blog/640/640-1054-brunch-spinach-and-fruit-bowl-87e4.jpg",
       "title":"Lemon Basil Steamed Greens",
       "readtime":"Healthy Recipes",
        "seen":10,
        "likes":5,
        "comment":2,
        "free":true,
        "mealtype":"Dinner",
        "dietarytype":"Omnivore",
        "preptime":5,
        "cooktime":15
    },
    {
      "id": 51,
       "author":"Patterson",
       "image":"https://d18zdz9g6n5za7.cloudfront.net/blog/640/640-1193-vegetarian-breakfast-panini-b6c1.jpg",
       "title":"Tuna and Quinoa<br> Side Salad",
       "readtime":"Healthy Recipes",
        "seen":15,
        "likes":9,
        "comment":2,
        "free":true,
        "mealtype":"Dinner",
        "dietarytype":"Omnivore",
        "preptime":8,
        "cooktime":5
    },
    {
      "id": 52,
       "author":"Patterson",
       "image":"https://d18zdz9g6n5za7.cloudfront.net/blog/640/640-1058-chicken-and-tempeh-bacon-club-wrap-8755.jpg",
       "title":"Turkey Burger Mini Melt Cheesy Skillet Patty Melt",
       "readtime":"Healthy Recipes",
        "seen":7,
        "likes":5,
        "comment":1,
        "free":true,
        "mealtype":"Breakfast",
        "dietarytype":"Vegan",
        "preptime":9,
        "cooktime":5
    },
    {
      "id": 53,
       "author":"Patterson",
       "image":"https://d18zdz9g6n5za7.cloudfront.net/blog/640/640-1059-chicken-cheesesteak-flatbread-846f.jpg",
       "title":"Tofu Pad Thai with Mango Peanut Sauc A Vegan Remix of the Classic Recipe",
       "readtime":"Healthy Recipes",
        "seen":15,
        "likes":3,
        "comment":0,
        "free":false,
        "mealtype":"Lunch,Dinner",
        "dietarytype":"Omnivore",
        "preptime":4,
        "cooktime":12
    },
    {
      "id": 54,
       "author":"Patterson",
       "image":"https://d18zdz9g6n5za7.cloudfront.net/blog/640/640-1068-garlic-steak-tips-with-italian-herb-carrots-9e25.jpg",
       "title":"Berry Yogurt Bowl with Honey and Almonds",
       "readtime":"Healthy Recipes",
        "seen":100,
        "likes":51,
        "comment":21,
        "free":true,
        "mealtype":"Side Dish",
        "dietarytype":"Vegetarian",
        "preptime":3,
        "cooktime":5
    },
    {
      "id": 55,
       "author":"Patterson",
       "image":"https://d18zdz9g6n5za7.cloudfront.net/blog/640/640-1077-salmon-salad-sandwich-with-cucumbers-and-spinach-b97c.jpg",
       "title":"No-Churn chocolate and Strawberry lce Cream",
       "readtime":"Healthy Recipes",
        "seen":33,
        "likes":15,
        "comment":0,
        "free":true,
        "mealtype":"Lunch,Dinner",
        "dietarytype":"Vegetarian",
        "preptime":3,
        "cooktime":8
    },
    {
      "id": 56,
       "author":"Patterson",
       "image":"https://d18zdz9g6n5za7.cloudfront.net/blog/640/640-1044-hearty-tuna-salad-with-carrot-ginger-dressing-8052.jpg",
       "title":"High-Protein Lentil Stew with <br>Chicken",
       "readtime":"Healthy Recipes",
        "seen":18,
        "likes":15,
        "comment":12,
        "free":true,
        "mealtype":"Side Dish",
        "dietarytype":"Omnivore",
        "preptime":12,
        "cooktime":15
    },
    {
      "id": 57,
       "author":"Patterson",
       "image":"https://d18zdz9g6n5za7.cloudfront.net/blog/640/640-1072-morning-glory-breakfast-bowl-with-greek-yogurt-8ce5.jpg",
       "title":"Vegetarian Lentil Bolognese",
       "readtime":"Healthy Recipes",
        "seen":70,
        "likes":45,
        "comment":12,
        "free":true,
        "mealtype":"Lunch,Dinner",
        "dietarytype":"Omnivore",
        "preptime":6,
        "cooktime":9
    },
    {
      "id": 58,
       "author":"Patterson",
       "image":"https://d18zdz9g6n5za7.cloudfront.net/blog/640/640-1041-breakfast-taquitos-with-scrambled-eggs-and-turkey-sausage-8c95.jpg",
       "title":"Blackened chicken and Pico de Gallo Side Salad",
       "readtime":"Healthy Recipes",
        "seen":0,
        "likes":6,
        "comment":3,
        "free":true,
        "mealtype":"Lunch",
        "dietarytype":"Omnivore",
        "preptime":9,
        "cooktime":12
    },
    {
      "id": 59,
       "author":"Patterson",
       "image":"https://d18zdz9g6n5za7.cloudfront.net/blog/640/640-1021-healthy-blueberry-cobbler-cups-a43c.jpg",
       "title":"Brussels Sprouts and Apple<br>Side Salad",
       "readtime":"Healthy Recipes",
        "seen":10,
        "likes":3,
        "comment":1,
        "free":false,
        "mealtype":"Dinner",
        "dietarytype":"Omnivore",
        "preptime":7,
        "cooktime":9
    },
    {
      "id": 60,
       "author":"Patterson",
       "image":"https://d18zdz9g6n5za7.cloudfront.net/blog/640/640-1050-roasted-red-pepper-and-cauliflower-soup-with-pesto-croutons-9fec.jpg",
       "title":"Chunky Chicken Chef Salad",
       "readtime":"Healthy Recipes",
        "seen":40,
        "likes":32,
        "comment":24,
        "free":true,
        "mealtype":"Side Dish",
        "dietarytype":"Vegan",
        "preptime":15,
        "cooktime":18
    },
    {
      "id": 61,
       "author":"Patterson",
       "image":"https://d18zdz9g6n5za7.cloudfront.net/blog/640/640-1042-cinnamon-crunch-fruit-wraps-af5c.jpg",
       "title":"Pasta e Fagioli",
       "readtime":"Healthy Recipes",
        "seen":19,
        "likes":7,
        "comment":5,
        "free":true,
        "mealtype":"Side Dish",
        "dietarytype":"Omnivore",
        "preptime":3,
        "cooktime":15
    },
    {
      "id": 62,
       "author":"Patterson",
       "image":"https://d18zdz9g6n5za7.cloudfront.net/blog/640/640-1043-dark-chocolate-and-cherry-bread-pudding-b1d6.jpg",
       "title":"Everything Bagel Toast with Salmon",
       "readtime":"Healthy Recipes",
        "seen":10,
        "likes":5,
        "comment":2,
        "free":true,
        "mealtype":"Lunch,Dinner",
        "dietarytype":"Vegan",
        "preptime":2,
        "cooktime":3
    },
    {
      "id": 63,
       "author":"Patterson",
       "image":"https://d18zdz9g6n5za7.cloudfront.net/blog/640/640-1046-mango-lassi-pudding-80d5.jpg",
       "title":"Strawberry Citrus Smoothie",
       "readtime":"Healthy Recipes",
        "seen":90,
        "likes":54,
        "comment":33,
        "free":false,
        "mealtype":"Side Dish",
        "dietarytype":"Omnivore",
        "preptime":12,
        "cooktime":15
    },
    {
      "id": 64,
       "author":"Patterson",
       "image":"https://d18zdz9g6n5za7.cloudfront.net/blog/640/640-1048-moroccan-style-turkey-and-lentil-soup-with-cheesy-pita-toasties-a92e.jpg",
       "title":"Energy-B0osting Bean, Green, and<br> Grain Bowl",
       "readtime":"Healthy Recipes",
        "seen":122,
        "likes":54,
        "comment":12,
        "free":true,
        "mealtype":"Breakfast",
        "dietarytype":"Omnivore",
        "preptime":12,
        "cooktime":15
    }
  ],
  "Wellness":[
    {
      "id": 1,
       "creator":"Kellie",
       "image":"https://d18zdz9g6n5za7.cloudfront.net/wellness-videos/640/640-69-mindfulness-for-cooking-9617.jpg",
       "title":"Mindfulness for Cooking Mindful Food Preparation to Support Mindful Eating",
       "readtime":"8 Min ● Guided Meditation",
        "seen":10,
        "likes":5,
        "comment":2
    },
    {
      "id": 2,
       "creator":"Daniel",
       "image":"https://d18zdz9g6n5za7.cloudfront.net/wellness-videos/640/640-68-meditation-to-prepare-for-childbirth-9834.jpg",
       "title":"Meditation to Prepare for Childbirth Mindfulness Practice for Pregnancy",
       "readtime":"8 Min ● Guided Meditation",
        "seen":10,
        "likes":5,
        "comment":2
    },
    {
      "id": 3,
       "creator":"Candice",
       "image":"https://d18zdz9g6n5za7.cloudfront.net/wellness-videos/640/640-65-bedtime-stress-reduction-9b19.jpg",
       "title":"Bedtime Stress Reduction Guided Meditation for Better Sleep",
       "readtime":"8 Min ● Guided Meditation",
        "seen":10,
        "likes":5,
        "comment":2
    },
    {
      "id": 4,
       "creator":"Haley",
       "image":"https://d18zdz9g6n5za7.cloudfront.net/wellness-videos/640/640-67-guided-practice-to-embrace-vulnerability-96cb.jpg",
       "title":"Guided Practice to Embrace Vulnerability Mindfulness for Overcoming Fear of Vulnerability",
       "readtime":"8 Min ● Guided Meditation",
        "seen":10,
        "likes":5,
        "comment":2
    },
    {
      "id": 5,
       "creator":"Kellie",
       "image":"https://d18zdz9g6n5za7.cloudfront.net/wellness-videos/640/640-66-soothing-meditation-to-get-back-to-sleep-bc83.jpg",
       "title":"Soothing Meditation to Get Back to Sleep 10-Minute Guided Practice for Sleep",
       "readtime":"8 Min ● Guided Meditation",
        "seen":10,
        "likes":5,
        "comment":2
    },
    {
      "id": 6,
       "creator":"Candice",
       "image":"https://d18zdz9g6n5za7.cloudfront.net/wellness-videos/640/640-64-guided-meditation-for-grief-9028.jpg",
       "title":"Guided Meditation for Grief Mindfulness Practice for Coping with Loss",
       "readtime":"8 Min ● Guided Meditation",
        "seen":10,
        "likes":5,
        "comment":2
    },
    {
      "id": 7,
       "creator":"Daniel",
       "image":"https://d18zdz9g6n5za7.cloudfront.net/wellness-videos/640/640-62-guided-meditation-for-caregivers-a4f8.jpg",
       "title":"Guided Meditation for Caregivers Mindfulness Practice for Self- Care",
       "readtime":"8 Min ● Guided Meditation",
        "seen":10,
        "likes":5,
        "comment":2
    },
    {
      "id": 8,
       "creator":"Haley",
       "image":"https://d18zdz9g6n5za7.cloudfront.net/wellness-videos/640/640-63-mindfulness-meditation-to-enhance-motivation-a0fe.jpg",
       "title":"Mindfulness Meditation to Enhance Motivation 15-Minute Guided Practice to Boost Motivation",
       "readtime":"8 Min ● Guided Meditation",
        "seen":10,
        "likes":5,
        "comment":2
    },
    {
      "id": 9,
       "creator":"Kellie",
       "image":"https://d18zdz9g6n5za7.cloudfront.net/wellness-videos/640/640-37-control-your-breath-with-pursed-lip-breathing-99ce.jpg",
       "title":"Control Your Breath With Pursed Lip Breathing Guided Breathing Technique",
       "readtime":"8 Min ● Guided Meditation",
        "seen":10,
        "likes":5,
        "comment":2
    },
    {
      "id": 10,
       "creator":"Daniel",
       "image":"https://d18zdz9g6n5za7.cloudfront.net/wellness-videos/640/640-61-30-minute-guided-walking-meditation-afbd.jpg",
       "title":"30-Minute Guided Walking Meditation Mindfulness Practice With Movement",
       "readtime":"8 Min ● Guided Meditation",
        "seen":10,
        "likes":5,
        "comment":2
    },
    {
      "id": 11,
       "creator":"Candice",
       "image":"https://d18zdz9g6n5za7.cloudfront.net/wellness-videos/640/640-60-5-minute-mindfulness-work-break-847e.jpg",
       "title":"5-Minute Mindfulness Work Break Quick Guided Meditation to Recenter",
       "readtime":"8 Min ● Guided Meditation",
        "seen":10,
        "likes":5,
        "comment":2
    },
    {
      "id": 12,
       "creator":"Haley",
       "image":"https://d18zdz9g6n5za7.cloudfront.net/wellness-videos/640/640-43-meditation-to-manage-judgment-aa86.jpg",
       "title":"5-Minute Mindfulness Work Break Quick Guided Meditation to Recenter",
       "readtime":"8 Min ● Guided Meditation",
        "seen":10,
        "likes":5,
        "comment":2
    },
    {
      "id": 13,
       "creator":"Kellie",
       "image":"https://d18zdz9g6n5za7.cloudfront.net/wellness-videos/640/640-59-meditation-for-self-compassion-bf2b.jpg",
       "title":"Meditation to Manage Judgment Mindfulness Practice for Non- Judgmental Awareness",
       "readtime":"8 Min ● Guided Meditation",
        "seen":10,
        "likes":5,
        "comment":2
    },
    {
      "id": 14,
       "creator":"Candice",
       "image":"https://d18zdz9g6n5za7.cloudfront.net/wellness-videos/640/640-28-mindfulness-practice-for-forgiveness-af83.jpg",
       "title":"Guided Slow Breathing Practice Stress-Reducing Breathing Technique",
       "readtime":"8 Min ● Guided Meditation",
        "seen":10,
        "likes":5,
        "comment":2
    },
    {
      "id": 15,
       "creator":"Daniel",
       "image":"https://d18zdz9g6n5za7.cloudfront.net/wellness-videos/640/640-41-guided-slow-breathing-practice-a5d1.jpg",
       "title":"Meditation for Self Compassion Guided Practice for Positive Self- Talk",
       "readtime":"8 Min ● Guided Meditation",
        "seen":10,
        "likes":5,
        "comment":2
    },
    {
      "id": 16,
       "creator":"Haley",
       "image":"https://d18zdz9g6n5za7.cloudfront.net/wellness-videos/640/640-44-energizing-mindfulness-practice-8b10.jpg",
       "title":"Mindfulness Practice for Forgiveness Release Negative Emotions",
       "readtime":"8 Min ● Guided Meditation",
        "seen":10,
        "likes":5,
        "comment":2
    },
    {
      "id": 17,
       "creator":"Kellie",
       "image":"https://d18zdz9g6n5za7.cloudfront.net/wellness-videos/640/640-36-pre-workout-guided-visualization-8990.jpg",
       "title":"Mindfulness for Cooking Mindful Food Preparation to Support Mindful Eating",
       "readtime":"8 Min ● Guided Meditation",
        "seen":10,
        "likes":5,
        "comment":2
    },
    {
      "id": 18,
       "creator":"Daniel",
       "image":"https://d18zdz9g6n5za7.cloudfront.net/wellness-videos/640/640-26-visualization-for-emotional-healing-ba06.jpg",
       "title":"Meditation to Prepare for Childbirth Mindfulness Practice for Pregnancy",
       "readtime":"8 Min ● Guided Meditation",
        "seen":10,
        "likes":5,
        "comment":2
    },
    {
      "id": 19,
       "creator":"Candice",
       "image":"https://d18zdz9g6n5za7.cloudfront.net/wellness-videos/640/640-34-meditation-to-improve-concentration-a08b.jpg",
       "title":"Bedtime Stress Reduction Guided Meditation for Better Sleep",
       "readtime":"8 Min ● Guided Meditation",
        "seen":10,
        "likes":5,
        "comment":2
    },
    {
      "id": 20,
       "creator":"Haley",
       "image":"https://d18zdz9g6n5za7.cloudfront.net/wellness-videos/640/640-33-guided-breathing-for-stress-relief-bf1f.jpg",
       "title":"Guided Practice to Embrace Vulnerability Mindfulness for Overcoming Fear of Vulnerability",
       "readtime":"8 Min ● Guided Meditation",
        "seen":10,
        "likes":5,
        "comment":2
    },
    {
      "id": 21,
       "creator":"Kellie",
       "image":"https://d18zdz9g6n5za7.cloudfront.net/wellness-videos/640/640-32-gratitude-meditation-9972.jpg",
       "title":"Soothing Meditation to Get Back to Sleep 10-Minute Guided Practice for Sleep",
       "readtime":"8 Min ● Guided Meditation",
        "seen":10,
        "likes":5,
        "comment":2
    },
    {
      "id": 22,
       "creator":"Candice",
       "image":"https://d18zdz9g6n5za7.cloudfront.net/wellness-videos/640/640-35-guided-meditation-for-stillness-a9e0.jpg",
       "title":"Guided Meditation for Grief Mindfulness Practice for Coping with Loss",
       "readtime":"8 Min ● Guided Meditation",
        "seen":10,
        "likes":5,
        "comment":2
    },
    {
      "id": 23,
       "creator":"Daniel",
       "image":"https://d18zdz9g6n5za7.cloudfront.net/wellness-videos/640/640-29-guided-meditation-for-building-and-improving-concentration-9425.jpg",
       "title":"Guided Meditation for Caregivers Mindfulness Practice for Self- Care",
       "readtime":"8 Min ● Guided Meditation",
        "seen":10,
        "likes":5,
        "comment":2
    },
    {
      "id": 24,
       "creator":"Haley",
       "image":"https://d18zdz9g6n5za7.cloudfront.net/wellness-videos/640/640-14-autogenic-training-b113.jpg",
       "title":"Mindfulness Meditation to Enhance Motivation 15-Minute Guided Practice to Boost Motivation",
       "readtime":"8 Min ● Guided Meditation",
        "seen":10,
        "likes":5,
        "comment":2
    },
    {
      "id": 25,
       "creator":"Kellie",
       "image":"https://d18zdz9g6n5za7.cloudfront.net/wellness-videos/640/640-38-10-minute-guided-meditation-for-open-mindedness-and-flexibility-8323.jpg",
       "title":"Control Your Breath With Pursed Lip Breathing Guided Breathing Technique",
       "readtime":"8 Min ● Guided Meditation",
        "seen":10,
        "likes":5,
        "comment":2
    },
    {
      "id": 26,
       "creator":"Daniel",
       "image":"https://d18zdz9g6n5za7.cloudfront.net/wellness-videos/640/640-13-mindful-wake-up-8f9a.jpg",
       "title":"30-Minute Guided Walking Meditation Mindfulness Practice With Movement",
       "readtime":"8 Min ● Guided Meditation",
        "seen":10,
        "likes":5,
        "comment":2
    },
    {
      "id": 27,
       "creator":"Candice",
       "image":"https://d18zdz9g6n5za7.cloudfront.net/wellness-videos/640/640-22-guided-meditation-for-coping-with-pain-ab64.jpg",
       "title":"5-Minute Mindfulness Work Break Quick Guided Meditation to Recenter",
       "readtime":"8 Min ● Guided Meditation",
        "seen":10,
        "likes":5,
        "comment":2
    },
    {
      "id": 28,
       "creator":"Haley",
       "image":"https://d18zdz9g6n5za7.cloudfront.net/wellness-videos/640/640-6-square-breathing-for-stress-reduction-a238.jpg",
       "title":"5-Minute Mindfulness Work Break Quick Guided Meditation to Recenter",
       "readtime":"8 Min ● Guided Meditation",
        "seen":10,
        "likes":5,
        "comment":2
    },
    {
      "id": 29,
       "creator":"Kellie",
       "image":"https://d18zdz9g6n5za7.cloudfront.net/wellness-videos/640/640-1-snowy-walk-with-loki-in-100-year-old-forest-bba8.jpg",
       "title":"Meditation to Manage Judgment Mindfulness Practice for Non- Judgmental Awareness",
       "readtime":"8 Min ● Guided Meditation",
        "seen":10,
        "likes":5,
        "comment":2
    },
    {
      "id": 30,
       "creator":"Candice",
       "image":"https://d18zdz9g6n5za7.cloudfront.net/wellness-videos/640/640-2-bridge-over-creek-in-snowy-forest-ae17.jpg",
       "title":"Guided Slow Breathing Practice Stress-Reducing Breathing Technique",
       "readtime":"8 Min ● Guided Meditation",
        "seen":10,
        "likes":5,
        "comment":2
    },
    {
      "id": 31,
       "creator":"Daniel",
       "image":"https://d18zdz9g6n5za7.cloudfront.net/wellness-videos/640/640-4-body-scan-guided-meditation-for-physical-manifestations-of-stress-a78d.jpg",
       "title":"Meditation for Self Compassion Guided Practice for Positive Self- Talk",
       "readtime":"8 Min ● Guided Meditation",
        "seen":10,
        "likes":5,
        "comment":2
    },
    {
      "id": 32,
       "creator":"Haley",
       "image":"https://d18zdz9g6n5za7.cloudfront.net/wellness-videos/640/640-9-using-mindfulness-to-reconnect-with-yourself-8bc5.jpg",
       "title":"Mindfulness Practice for Forgiveness Release Negative Emotions",
       "readtime":"8 Min ● Guided Meditation",
        "seen":10,
        "likes":5,
        "comment":2
    },
    {
      "id": 33,
       "creator":"Daniel",
       "image":"https://d18zdz9g6n5za7.cloudfront.net/wellness-videos/640/640-8-breathing-workout-breathing-exercises-for-stress-overwhelm-and-exhaustion-a998.jpg",
       "title":"30-Minute Guided Walking Meditation Mindfulness Practice With Movement",
       "readtime":"8 Min ● Guided Meditation",
        "seen":10,
        "likes":5,
        "comment":2
    }

  ]
}